Data,Layers,b_size,mse,val_mse,0.01-score,0.02-score,0.03-score,0.04-score,0.05-score,mse
100x1000x1000,128x128,32,???,???,0.00705,0.1425,0.2,0.267,0.3255," ???"
100x100x1000,256x256,32,0.00207,0.0340,0.05,0.1105,0.1615,0.2095,0.256,0.026
100x100x1000,128x128,32,0.0.0200,0.0209,0.0515,0.108,0.1655,0.2205,0.2685,0.0207
100x100x10000,256x256,32,0.0087,0.0097,0.091,0.173,0.255,0.3335,0.4125,0.00935