N,sqrt_mse_DNN,sqrt_mse_DNN_ZEROS,sqrt_mse_DNN_WIN,sqrt_mse_DNN_WIN_ZEROS,sqrt_mse_CNN,sqrt_mse_CNN_ZEROS,sqrt_mse_CNNM,std_DNN,std_DNN_ZEROS,std_DNN_WIN,std_DNN_WIN_ZEROS,std_CNN,std_CNN_ZEROS,std_CNNM,avg_abs_error_DNN,avg_abs_error_DNN_ZEROS,avg_abs_error_DNN_WIN,avg_abs_error_DNN_WIN_ZEROS,avg_abs_error_CNN,avg_abs_error_CNN_ZEROS,avg_abs_error_CNNM
32.00000,0.04261,0.04356,0.04596,0.04356,0.04103,0.04111,0.04175,0.02346,0.02333,0.02158,0.02333,0.02530,0.02521,0.02464,0.03409,0.03461,0.03751,0.03461,0.03174,0.03181,0.03254
64.00000,0.01280,0.01503,0.01515,0.01503,0.01084,0.01119,0.01073,0.00641,0.00586,0.00581,0.00586,0.00718,0.00736,0.00729,0.00994,0.01184,0.01196,0.01184,0.00794,0.00826,0.00772
128.00000,0.01611,0.01563,0.01724,0.01563,0.01132,0.01174,0.01115,0.00674,0.00685,0.00662,0.00685,0.00753,0.00772,0.00683,0.01242,0.01190,0.01387,0.01190,0.00803,0.00833,0.00787
256.00000,0.00890,0.01012,0.01089,0.01012,0.00496,0.00487,0.00478,0.00245,0.00339,0.00250,0.00339,0.00349,0.00345,0.00287,0.00715,0.00823,0.00885,0.00823,0.00337,0.00332,0.00334
512.00000,0.00829,0.00887,0.01354,0.00887,0.00315,0.00315,0.00279,0.00225,0.00264,0.00370,0.00264,0.00210,0.00217,0.00190,0.00663,0.00712,0.01161,0.00712,0.00211,0.00208,0.00188
1024.00000,0.00877,0.01056,0.01177,0.01056,0.00221,0.00227,0.00155,0.00234,0.00249,0.00327,0.00249,0.00161,0.00169,0.00107,0.00713,0.00880,0.00982,0.00880,0.00139,0.00140,0.00096
2048.00000,0.00768,0.00879,0.01245,0.00879,0.00113,0.00116,0.00072,0.00276,0.00166,0.00286,0.00166,0.00062,0.00061,0.00045,0.00647,0.00709,0.01087,0.00709,0.00080,0.00082,0.00048
