N,sqrt_mse_DNN,sqrt_mse_CNN,std_DNN,std_CNN,avg_abs_error_DNN,avg_abs_error_CNN
32,0.04500,0.04360,0.02498,0.02617,0.03645,0.03469
64,0.01752,0.01231,0.00602,0.00730,0.01428,0.00963
128,0.01913,0.01279,0.00779,0.00810,0.01508,0.00959
256,0.01340,0.00543,0.00386,0.00339,0.01091,0.00396
512,0.01564,0.00503,0.00499,0.00294,0.01276,0.00360
1024,0.01329,0.00377,0.00381,0.00220,0.01066,0.00246
2048,0.01494,0.00024,0.00568,0.00017,0.01256,0.00016
